Sampling,Model,Recall,Precision,F1,Accuracy,ROC AUC,Precision-Recall AUC
Upsampling,RandomForestClassifier,0.7323943661971831,0.7222222222222222,0.7272727272727272,0.9336734693877551,0.9550494456098292,0.8466640240643148
Upsampling,GaussianNB,0.7323943661971831,0.5777777777777777,0.6459627329192545,0.9030612244897959,0.8480671261612226,0.6676270597571778
Upsampling,LinearDiscriminantAnalysis,0.8028169014084507,0.33727810650887574,0.4750000000000001,0.7857142857142857,0.8135369275615005,0.5894081824644527
Upsampling,LogisticRegression,0.7605633802816901,0.5346534653465347,0.6279069767441862,0.891156462585034,0.9260086631977552,0.7717167352080847
Upsampling,SVC,0.6338028169014085,0.9574468085106383,0.7627118644067797,0.9523809523809523,0.9400114419592994,0.8398827847366038
Upsampling,XGBClassifier,0.971830985915493,0.575,0.7225130890052356,0.9098639455782312,0.9561527773994061,0.7953789736072744
