Sampling,Model,Recall,Precision,F1,Accuracy,ROC AUC,Precision-Recall AUC
Downsampling,RandomForestClassifier,0.5915492957746479,0.9545454545454546,0.7304347826086957,0.9472789115646258,0.9583185768382053,0.8576351622053159
Downsampling,GaussianNB,0.7323943661971831,0.5777777777777777,0.6459627329192545,0.9030612244897959,0.8463508322663251,0.6645833226476331
Downsampling,LinearDiscriminantAnalysis,0.8028169014084507,0.3352941176470588,0.4730290456431535,0.7840136054421769,0.7856812052197129,0.5817892703113867
Downsampling,LogisticRegression,0.3380281690140845,0.9230769230769231,0.49484536082474223,0.9166666666666666,0.8877870705859917,0.7021063226820433
Downsampling,SVC,0.6338028169014085,0.9574468085106383,0.7627118644067797,0.9523809523809523,0.9400386847195358,0.8399253666910809
Downsampling,XGBClassifier,0.6056338028169014,0.7413793103448276,0.6666666666666667,0.9268707482993197,0.9365924755496227,0.7140110057202639
